sample_name,i7,i5,i1
sample_001,,,CGGGAACCCGCA
sample_002,,,AAACGTTCATCC
sample_003,,,TTGTCCGATATG
sample_004,,,GTTTAAAGGCAG
sample_005,,,CCAAAGAGGGAT
sample_006,,,TCCTCTCTTCTA
sample_007,,,GAAGGGTAAAGC
sample_008,,,AGTCTCAGCAAA
sample_009,,,ATCGACTTGTGT
sample_010,,,AACCCTGGGAAG
sample_011,,,AGGTGGTTCTAC
sample_012,,,TACGCCCACGTG
sample_013,,,GATTTCCCCCGA
sample_014,,,CCCAATTTTGCC
sample_015,,,TCAACAACCGGT
sample_016,,,CAGATAATACGT
sample_017,,,TATTGGCGGCCT
sample_018,,,AGAGGCCGAACA
sample_019,,,ATTATATCTGAA
sample_020,,,TGCTAAATTAGT
sample_021,,,CTATGCAAGCTG
sample_022,,,CCGGGCGTCATG
sample_023,,,TGGAGACTGGGC
sample_024,,,CTTACCGGGTAC
sample_025,,,TAAGATCGATTA
sample_026,,,CGAGTTTATCAG
sample_027,,,CACTAGTTTCGT
sample_028,,,GACCCGTCTTGA
sample_029,,,AAATGTAGTGAG
sample_030,,,ACAGGACTCTGG
sample_031,,,AAAATCCCAGTT
sample_032,,,GCATCCATGCAT
sample_033,,,CACCTTCGGTTG
sample_034,,,AGCAAAGGATGT
sample_035,,,AGGCTTAATCGG
sample_036,,,GCGCGAAGTTGA
sample_037,,,TTAGGACGCAAA
sample_038,,,ATGGGCTAGACA
sample_039,,,TTTGTGGACACG
sample_040,,,GAATTCGTATAC
sample_041,,,TCGAGTCCCGGA
sample_042,,,CCGTTGAAGGGG
sample_043,,,CAAGGTCCCCTT
sample_044,,,TCCTAGCGATTT
sample_045,,,CCGCCCTATTTC
sample_046,,,CTGTAGTCGCCA
sample_047,,,CCTGGTACTTTC
sample_048,,,AGCTTCTTTTCC
sample_049,,,AAAACATGCGTT
sample_050,,,TCGTCTGGCCGT
sample_051,,,CTCTTTAAACAA
sample_052,,,TGTTTTGCTAAC
sample_053,,,ACCCGAACGAGC
sample_054,,,TCCCGGCTAAAA
sample_055,,,GAGTCGGTGGCA
sample_056,,,AATAGCTTTTTC
sample_057,,,GCTAGCTCAGAT
sample_058,,,TATAAGGGAATG
sample_059,,,AAGTTGCGGGTA
sample_060,,,GACATTATTCTT
sample_061,,,GAAAATTTACGC
sample_062,,,AAACTAACTGTC
sample_063,,,TAATTACAAAGA
sample_064,,,GTGGCACCACTT
sample_065,,,ATTCAACCTCTA
sample_066,,,GTCAAATGTCCT
sample_067,,,ATTCCTGAGTTA
sample_068,,,ATCCGCCAGGAT
sample_069,,,CTCTCCATCGAA
sample_070,,,CCCACCGTAAGC
sample_071,,,TAACCAGCACTT
sample_072,,,TTGCGTTCTCAA
sample_073,,,GCGCCGGGTCCC
sample_074,,,ACGATACGCCAA
sample_075,,,CAAATTGGAACG
sample_076,,,AATGACCGTAGG
sample_077,,,TTGACAGCGTCG
sample_078,,,CACCAGAGATAT
sample_079,,,ACTAAGCGCGTG
sample_080,,,TGTGGGGTGATT
sample_081,,,GCCTAATACAAC
sample_082,,,GTTTGACTTTAT
sample_083,,,TACGGTATAGAA
sample_084,,,GTCAGGCTGCGT
sample_085,,,TGAGGCATTTGG
sample_086,,,ATCGGAAAATTC
sample_087,,,TTATCACTCCTT
sample_088,,,CCATTGTCTAAA
sample_089,,,CGGGTAGGGCGT
sample_090,,,GATAGAAACACC
sample_091,,,TGCCATGTTCGG
sample_092,,,CTTAATGATATC
sample_093,,,CCGACGGACCAT
sample_094,,,TTCCAAAAAATG
sample_095,,,GTACCGAACCCG
sample_096,,,GCGTGTTAACGC
sample_097,,,AGTATTATGCCC
sample_098,,,AGCACACTTACA
sample_099,,,AGAATGTCGACA
sample_100,,,AAGTAACAGCTT
sample_101,,,TAGACTCTGACT
sample_102,,,ATAGACGATCCC
sample_103,,,TCATGCCGAACT
sample_104,,,CGTCGAATATGG
sample_105,,,ATGACCCAGATG
sample_106,,,ATTTGGCCGATT
sample_107,,,AGTGGCGCAAGC
sample_108,,,CGCCTTTTAGGG
sample_109,,,CTCGGTGATCGT
sample_110,,,CCGTGTGCTGAA
sample_111,,,ATCCTGTGCCTA
sample_112,,,TCTAATCTGACG
sample_113,,,AGTGGATAAGTT
sample_114,,,TGCCCTCAAACC
sample_115,,,CTCCCCTGTGAC
sample_116,,,GTATGCGGTAGC
sample_117,,,CCACTACATCTT
sample_118,,,CTAAACTTCTTG
sample_119,,,GCAGATATGGTA
sample_120,,,TCTGCTTGAGGT
